<?xml version="1.0" encoding="UTF-8"?>
<!DOCTYPE mapper PUBLIC "-//mybatis.org//DTD Mapper 3.0//EN" 
"http://mybatis.org/dtd/mybatis-3-mapper.dtd">
<mapper namespace="CourseMapper">

	<resultMap id="CourseResult" type="Course">
	<result property="courseId" column="COURSE_ID" />
	<result property="courseName" column="COURSE_NAME" />
	<result property="isavaliable" column="IS_AVALIABLE"/>
	<result property="subjectId" column="SUBJECT_ID"/>
	<result property="subjectLink" column="SUBJECT_LINK"/>
	<result property="addTime" column="ADD_TIME"/>
	<result property="sourcePrice" column="SOURCE_PRICE"/>
	<result property="currentPrice" column="CURRENT_PRICE"/>
	<result property="title" column="TITLE"/>
	<result property="context" column="CONTEXT"/>
	<result property="lessionNum" column="LESSION_NUM"/>
	<result property="logo" column="LOGO"/>
	<result property="updateTime" column="UPDATE_TIME"/>
	<result property="pageBuycount" column="PAGE_BUYCOUNT"/>
	<result property="pageViewcount" column="PAGE_VIEWCOUNT"/>
	<result property="endTime" column="END_TIME"/>
	
	<result property="loseType" column="LOSETYPE"/>
	<result property="loseTime" column="LOSE_TIME"/>
	</resultMap>
	
	<resultMap type="CourseDto" id="CourseDtoResult" extends="CourseResult">
	<result property="subjectName" column="SUBJECT_NAME"/>
	</resultMap>
	
	<!-- 推荐课程返回专用Map映射 -->
	<resultMap type="CourseDto" id="CourseDtoRecommenCourseResult">
	<result property="courseId" column="COURSE_ID" />
	<result property="courseName" column="COURSE_NAME" />
	<result property="sourcePrice" column="SOURCE_PRICE"/>
	<result property="currentPrice" column="CURRENT_PRICE"/>
	<result property="title" column="TITLE"/>
	<result property="lessionNum" column="LESSION_NUM"/>
	<result property="logo" column="LOGO"/>
	<result property="pageBuycount" column="PAGE_BUYCOUNT"/>
	<result property="pageViewcount" column="PAGE_VIEWCOUNT"/>
	<result property="recommendId" column="RECOMMEND_ID"/>
	<collection property="teacherList" column="COURSE_ID" javaType="java.util.List" select="TeacherMapper.queryCourseTeacerList"/>
	</resultMap>
	<!-- 查询课程返回映射，前台课程列表专业 -->
	<resultMap type="CourseDto" id="CourseDtoWebResult" extends="CourseResult">
	<collection property="teacherList" column="COURSE_ID" javaType="java.util.List" select="TeacherMapper.queryCourseTeacerList"/>
	</resultMap>
	<!-- 推荐课程查询列 -->
	<sql id="edu_recommen_course_columns">
	EDU_COURSE.COURSE_ID,
	EDU_COURSE.COURSE_NAME,
	EDU_COURSE.SOURCE_PRICE,
	EDU_COURSE.CURRENT_PRICE,
	EDU_COURSE.TITLE,
	EDU_COURSE.LESSION_NUM,
	EDU_COURSE.LOGO,
	EDU_COURSE.PAGE_BUYCOUNT,
	EDU_COURSE.PAGE_VIEWCOUNT,
	EDU_WEBSITE_COURSE_DETAIL.RECOMMEND_ID
	</sql>
	<sql id="edu_course_columns">
	EDU_COURSE.COURSE_ID,
	EDU_COURSE.COURSE_NAME,
	EDU_COURSE.IS_AVALIABLE,
	EDU_COURSE.SUBJECT_ID,
	EDU_COURSE.SUBJECT_LINK,
	EDU_COURSE.ADD_TIME,
	EDU_COURSE.SOURCE_PRICE,
	EDU_COURSE.CURRENT_PRICE,
	EDU_COURSE.TITLE,
	EDU_COURSE.CONTEXT,
	EDU_COURSE.LESSION_NUM,
	EDU_COURSE.LOGO,
	EDU_COURSE.UPDATE_TIME,
	EDU_COURSE.PAGE_BUYCOUNT,
	EDU_COURSE.PAGE_VIEWCOUNT,
	EDU_COURSE.END_TIME,
	EDU_COURSE.LOSETYPE,
	EDU_COURSE.LOSE_TIME
	</sql>
	
	<sql id="edu_course_properties">
	#{courseId},
	#{courseName},
	#{isavaliable},
	#{subjectId},
	#{subjectLink},
	#{addTime},
	#{sourcePrice},
	#{currentPrice},
	#{title},
	#{context},
	#{lessionNum},
	#{logo},
	#{updateTime},
	#{pageBuycount},
	#{pageViewcount},
	#{endTime},
	#{loseType},
	#{loseTime}
	</sql>
	
	<insert id="createCourse" parameterType="Course" useGeneratedKeys="true" keyProperty="courseId" keyColumn="COURSE_ID">
	INSERT INTO EDU_COURSE(<include refid="edu_course_columns"/>)
	VALUE(<include refid="edu_course_properties"/>)
	</insert>
	
	<!-- 分页查询课程，开始,后台专用 -->
	<select id="queryCourseListPage" parameterType="java.util.Map" resultMap="CourseDtoResult">
	SELECT <include refid="edu_course_columns"/>,SYS_SUBJECT.SUBJECT_NAME
	FROM EDU_COURSE 
	LEFT JOIN SYS_SUBJECT ON SYS_SUBJECT.SUBJECT_ID=EDU_COURSE.SUBJECT_ID
	<if test="e.teacherId>0">
	LEFT JOIN EDU_COURSE_TEACHER ON EDU_COURSE_TEACHER.COURSE_ID=EDU_COURSE.COURSE_ID
	</if>
	<where>
		<if test="e.isavaliable>0">
		EDU_COURSE.IS_AVALIABLE=#{e.isavaliable}
		</if>
		<if test="e.courseName!=null and e.courseName!=''">
		AND EDU_COURSE.COURSE_NAME LIKE CONCAT('%',#{e.courseName},'%')
		</if>
		<if test="e.subjectId>0">
		AND EDU_COURSE.SUBJECT_LINK LIKE CONCAT('%,',#{e.subjectId},',%')
		</if>
		<if test="e.teacherId>0">
		AND EDU_COURSE_TEACHER.TEACHER_ID=#{e.teacherId}
		</if>
		<if test="e.beginCreateTime!=null and e.beginCreateTime!=''">
				AND EDU_COURSE.ADD_TIME >= #{e.beginCreateTime}
		</if>
		<if test="e.endCreateTime!=null and e.endCreateTime!=''">
			AND <![CDATA[EDU_COURSE.ADD_TIME <= #{e.endCreateTime}]]>
		</if>
	</where>
	<include refid="publicMapper.pageEnd"/>
	</select>
	<select id="queryCourseListPageCount" parameterType="java.util.Map" resultType="int">
	SELECT COUNT(1) FROM EDU_COURSE 
	LEFT JOIN SYS_SUBJECT ON SYS_SUBJECT.SUBJECT_ID=EDU_COURSE.SUBJECT_ID
	<if test="e.teacherId>0">
	LEFT JOIN EDU_COURSE_TEACHER ON EDU_COURSE_TEACHER.COURSE_ID=EDU_COURSE.COURSE_ID
	</if>
	<where>
		<if test="e.isavaliable>0">
		EDU_COURSE.IS_AVALIABLE=#{e.isavaliable}
		</if>
		<if test="e.courseName!=null and e.courseName!=''">
		AND EDU_COURSE.COURSE_NAME LIKE CONCAT('%',#{e.courseName},'%')
		</if>
		<if test="e.subjectId>0">
		AND EDU_COURSE.SUBJECT_LINK LIKE CONCAT('%,',#{e.subjectId},',%')
		</if>
		<if test="e.teacherId>0">
		AND EDU_COURSE_TEACHER.TEACHER_ID=#{e.teacherId}
		</if>
		<if test="e.beginCreateTime!=null and e.beginCreateTime!=''">
				AND EDU_COURSE.ADD_TIME >= #{e.beginCreateTime}
		</if>
		<if test="e.endCreateTime!=null and e.endCreateTime!=''">
			AND <![CDATA[EDU_COURSE.ADD_TIME <= #{e.endCreateTime}]]>
		</if>
	</where>
	</select>
	<!-- 分页查询课程，结束,后台专用-->
	
	<!-- 通过ID，查询课程数据 -->
	<select id="queryCourseById" parameterType="int" resultMap="CourseResult">
	SELECT <include refid="edu_course_columns"/> FROM EDU_COURSE WHERE EDU_COURSE.COURSE_ID=#{value}
	</select>
	
	<!-- 更新课程数据 -->
	<update id="updateCourse" parameterType="Course">
	UPDATE EDU_COURSE SET 
	EDU_COURSE.COURSE_NAME=#{courseName},
	EDU_COURSE.SUBJECT_ID=#{subjectId},
	EDU_COURSE.SUBJECT_LINK=#{subjectLink},
	EDU_COURSE.SOURCE_PRICE=#{sourcePrice},
	EDU_COURSE.CURRENT_PRICE=#{currentPrice},
	EDU_COURSE.TITLE=#{title},
	EDU_COURSE.CONTEXT=#{context},
	EDU_COURSE.LESSION_NUM=#{lessionNum},
	EDU_COURSE.LOGO=#{logo},
	EDU_COURSE.UPDATE_TIME=#{updateTime},
	EDU_COURSE.PAGE_BUYCOUNT=#{pageBuycount},
	EDU_COURSE.PAGE_VIEWCOUNT=#{pageViewcount},
	EDU_COURSE.END_TIME=#{endTime},
	EDU_COURSE.LOSETYPE=#{loseType},
	EDU_COURSE.LOSE_TIME=#{loseTime}
	WHERE EDU_COURSE.COURSE_ID=#{courseId}
	</update>
	
	<!-- 上架或下架课程 -->
	<update id="updateAvaliableCourse" parameterType="java.util.Map">
	UPDATE EDU_COURSE SET EDU_COURSE.IS_AVALIABLE=#{type} WHERE EDU_COURSE.COURSE_ID=#{courseId}
	</update>
	
	<!-- 查询所有的推荐课程 -->
	<select id="queryRecommenCourseList" resultMap="CourseDtoRecommenCourseResult">
	SELECT <include refid="edu_recommen_course_columns"/> FROM EDU_WEBSITE_COURSE_DETAIL
	LEFT JOIN EDU_COURSE ON EDU_COURSE.COURSE_ID = EDU_WEBSITE_COURSE_DETAIL.COURSE_ID
	WHERE EDU_COURSE.IS_AVALIABLE=1 AND EDU_COURSE.END_TIME>NOW()
	ORDER BY EDU_WEBSITE_COURSE_DETAIL.RECOMMEND_ID,EDU_COURSE.PAGE_VIEWCOUNT DESC
	</select>
	
	<select id="queryCourseList" parameterType="QueryCourse" resultType="CourseDto">
	SELECT 
	EDU_COURSE.COURSE_ID as courseId,
	EDU_COURSE.COURSE_NAME as courseName,
	EDU_COURSE.SOURCE_PRICE as sourcePrice,
	EDU_COURSE.CURRENT_PRICE as currentPrice,
	EDU_COURSE.TITLE as title,
	EDU_COURSE.LESSION_NUM as lessionNum,
	EDU_COURSE.LOGO as logo,
	EDU_COURSE.PAGE_BUYCOUNT as pageBuycount,
	EDU_COURSE.PAGE_VIEWCOUNT as pageViewcount
	FROM EDU_COURSE 
	<where>
	<if test="subjectId>0">
	EDU_COURSE.SUBJECT_LINK LIKE CONCAT('%,',#{subjectId},',%')
	</if>
	</where>
	<if test="count>0">
	LIMIT #{count}
	</if>
	</select>
	
	<!-- 分页查询课程，开始，前台专用 -->
	<select id="queryWebCourseListPage" parameterType="java.util.Map" resultMap="CourseDtoWebResult">
	SELECT <include refid="edu_course_columns"/>
	FROM EDU_COURSE 
	<if test="e.subjectId>0">
	LEFT JOIN SYS_SUBJECT ON SYS_SUBJECT.SUBJECT_ID=EDU_COURSE.SUBJECT_ID
	</if>
	<if test="e.teacherId>0">
	LEFT JOIN EDU_COURSE_TEACHER ON EDU_COURSE_TEACHER.COURSE_ID=EDU_COURSE.COURSE_ID
	</if>
	<where>
	<if test="e.isavaliable>0">
	EDU_COURSE.IS_AVALIABLE=#{e.isavaliable}
	</if>
	<if test="e.courseName!=null and e.courseName!=''">
	AND EDU_COURSE.COURSE_NAME LIKE CONCAT('%',#{e.courseName},'%')
	</if>
	<if test="e.subjectId>0">
	AND EDU_COURSE.SUBJECT_LINK LIKE CONCAT('%,',#{e.subjectId},',%')
	</if>
	<if test="e.teacherId>0">
	AND EDU_COURSE_TEACHER.TEACHER_ID=#{e.teacherId}
	</if>
	<if test="e.isFree=='true'"><!-- 查询免费课程 -->
	and EDU_COURSE.CURRENT_PRICE=0
	</if>
	</where>
	<if test="e.order=='FOLLOW'">
	ORDER BY EDU_COURSE.PAGE_VIEWCOUNT DESC
	</if>
	<if test="e.order=='NEW'">
	ORDER BY EDU_COURSE.ADD_TIME DESC
	</if>
	<if test="e.order=='PRICE'">
	ORDER BY EDU_COURSE.CURRENT_PRICE
	</if>
	<include refid="publicMapper.pageEnd"/>
	</select>
	
	<select id="queryWebCourseListPageCount" parameterType="java.util.Map" resultType="int">
	SELECT COUNT(1) FROM EDU_COURSE 
	<if test="e.subjectId>0">
	LEFT JOIN SYS_SUBJECT ON SYS_SUBJECT.SUBJECT_ID=EDU_COURSE.SUBJECT_ID
	</if>
	<if test="e.teacherId>0">
	LEFT JOIN EDU_COURSE_TEACHER ON EDU_COURSE_TEACHER.COURSE_ID=EDU_COURSE.COURSE_ID
	</if>
	<where>
	<if test="e.isavaliable>0">
	EDU_COURSE.IS_AVALIABLE=#{e.isavaliable}
	</if>
	<if test="e.courseName!=null and e.courseName!=''">
	AND EDU_COURSE.COURSE_NAME LIKE CONCAT('%',#{e.courseName},'%')
	</if>
	<if test="e.subjectId>0">
	AND EDU_COURSE.SUBJECT_LINK LIKE CONCAT('%,',#{e.subjectId},',%')
	</if>
	<if test="e.teacherId>0">
	AND EDU_COURSE_TEACHER.TEACHER_ID=#{e.teacherId}
	</if>
	<if test="e.isFree=='true'"><!-- 查询免费课程 -->
	and EDU_COURSE.CURRENT_PRICE=0
	</if>
	</where>
	</select>
	<!-- 分页查询课程，结束，前台专用 -->
	
	<!-- 相关课程  -->
	<select id="queryInterfixCourseList" parameterType="java.util.Map" resultType="CourseDto">
	SELECT 
	EDU_COURSE.COURSE_ID as courseId,
	EDU_COURSE.COURSE_NAME as courseName,
	EDU_COURSE.TITLE as title,
	EDU_COURSE.LOGO as logo,
	EDU_COURSE.PAGE_BUYCOUNT as pageBuycount
	FROM EDU_COURSE
	WHERE EDU_COURSE.IS_AVALIABLE=1 AND EDU_COURSE.END_TIME>NOW()
	AND EDU_COURSE.SUBJECT_LINK LIKE CONCAT('%,',#{subjectId},',%')
	AND EDU_COURSE.COURSE_ID!=#{courseId}
	<if test="count>0">
	LIMIT #{count}
	</if>
	</select>
	
	<!-- 分页查询我的课程，开始 -->
	<select id="queryMyCourseList" parameterType="java.util.Map" resultMap="CourseDtoWebResult">
	SELECT <include refid="edu_course_columns"/> FROM EDU_COURSE
	LEFT JOIN EDU_ORDERS ON EDU_ORDERS.COURSE_ID= EDU_COURSE.COURSE_ID
	WHERE EDU_ORDERS.USER_ID=#{e} AND STATES='SUCCESS' AND EDU_COURSE.END_TIME>NOW()
	ORDER BY EDU_ORDERS.PAY_TIME DESC
	<include refid="publicMapper.pageEnd"/>
	</select>
	<select id="queryMyCourseListCount" parameterType="java.util.Map" resultType="int">
	SELECT COUNT(1) FROM EDU_COURSE
	LEFT JOIN EDU_ORDERS ON EDU_ORDERS.COURSE_ID= EDU_COURSE.COURSE_ID
	WHERE EDU_ORDERS.USER_ID=#{e} AND STATES='SUCCESS' AND EDU_COURSE.END_TIME>NOW()
	</select>
	<!-- 分页查询我的课程，结束 -->
	
	<!-- 查询一部分已购买的课程，用户前台头部 -->
	<select id="queryMyCourseListByMap" parameterType="java.util.Map" resultType="java.util.Map">
	SELECT EDU_COURSE.COURSE_NAME AS courseName,EDU_COURSE.COURSE_ID AS courseId FROM EDU_COURSE
	LEFT JOIN EDU_ORDERS ON EDU_ORDERS.COURSE_ID= EDU_COURSE.COURSE_ID
	WHERE EDU_ORDERS.USER_ID=#{userId} AND STATES='SUCCESS' AND EDU_COURSE.END_TIME>NOW()
	ORDER BY EDU_ORDERS.PAY_TIME DESC
	<if test="count>0">
	LIMIT #{count}
	</if>
	</select>
	<!-- 查询所有课程个数 -->
	<select id="queryAllCourseCount" resultType="int">
	SELECT COUNT(1) FROM EDU_COURSE 
	</select>
	
	<!-- 根据RecommendId查询推荐课程 -->
	<select id="queryRecommenCourseListByRecommendId" resultMap="CourseDtoRecommenCourseResult" parameterType="map">
	SELECT <include refid="edu_recommen_course_columns"/> FROM EDU_WEBSITE_COURSE_DETAIL
	LEFT JOIN EDU_COURSE ON EDU_COURSE.COURSE_ID = EDU_WEBSITE_COURSE_DETAIL.COURSE_ID
	WHERE EDU_COURSE.IS_AVALIABLE=1 AND EDU_WEBSITE_COURSE_DETAIL.RECOMMEND_ID=#{recommendId} AND EDU_COURSE.END_TIME>NOW()
	ORDER BY RAND() 
	<if test="count>0 and count!=null">
	LIMIT #{count}
	</if>
	</select>
	
	<!-- 查询精品课程、最新课程、全部课程 -->
	<select id="queryCourse" parameterType="QueryCourse" resultMap="CourseDtoResult">
		SELECT <include refid="edu_course_columns"/>
	FROM EDU_COURSE 
	<where>
		<if test="isavaliable>0">
			EDU_COURSE.IS_AVALIABLE=#{isavaliable}
		</if>
	</where>
	<if test="order=='FOLLOW'">
	ORDER BY EDU_COURSE.PAGE_VIEWCOUNT DESC
	</if>
	<if test="order=='NEW'">
	ORDER BY EDU_COURSE.ADD_TIME DESC
	</if>
	</select>
</mapper>